traffic_device,avg_bandwidth_Mbps,var_bandwidth_Mbps
Traffic1,15.7297509057971,91.82455679983688
Traffic2,19.011818513119533,160.32057682693858
