traffic_device,avg_bandwidth_Mbps,var_bandwidth_Mbps
Traffic1,13.033100378787879,22.509645466368227
Traffic2,13.022761363636363,32.47798733146809
