traffic_device,avg_bandwidth_Mbps,var_bandwidth_Mbps
Traffic1,14.563432573198199,83.01679054381546
Traffic2,14.64359056122449,30.944878536485806
