traffic_device,avg_bandwidth_Mbps,var_bandwidth_Mbps
Traffic1,15.732447033898307,132.02288580795428
Traffic2,15.290064705882353,98.0268111750411
