traffic,avg_duration,std_dev
Traffic1,4.375,2.069873184521216
Traffic2,5.325,1.5872539179349976
