traffic,avg_duration,std_dev
Traffic1,4.975,0.9079509898667439
Traffic2,5.2,0.7810249675906654
