traffic,avg_duration,std_dev
Traffic1,3.475,1.9233759382918358
Traffic2,3.75,1.713913650100261
