traffic,avg_duration,std_dev
Traffic1,5.5,2.04939015319192
Traffic2,5.9,2.2671568097509267
