traffic_device,avg_bandwidth_Mbps,var_bandwidth_Mbps
Traffic1,15.255587209302325,107.45323529108637
Traffic2,12.839376235177864,40.10427390802404
