traffic_device,avg_bandwidth_Mbps,var_bandwidth_Mbps
Traffic1,14.09318292025862,76.5055530648194
Traffic2,13.955231036324784,58.69185324982401
