traffic_device,avg_bandwidth_Mbps,var_bandwidth_Mbps
Traffic1,18.0087551510989,105.97037637735588
Traffic2,20.294820601851853,174.53078936005684
