traffic_device,avg_bandwidth_Mbps,var_bandwidth_Mbps
Traffic1,18.318039455307265,170.91112617710513
Traffic2,17.171402960526315,128.41249255318613
