traffic_device,avg_bandwidth_Mbps,var_bandwidth_Mbps
Traffic1,13.53307269874477,22.96067800213513
Traffic2,13.058937752016128,21.51238106629593
