traffic_device,avg_bandwidth_Mbps,var_bandwidth_Mbps
Traffic1,12.509393028846153,73.09422692538111
Traffic2,11.770284193840581,68.37807397982318
