traffic_device,avg_bandwidth_Mbps,var_bandwidth_Mbps
Traffic1,8.34675,8.886920887378245
Traffic2,8.38060055410691,8.061042661560156
Traffic3,8.497563160501983,9.933618816318091
Traffic4,8.446090259526938,10.632686604046262
Traffic5,8.49353327278732,10.43012764573593
Traffic6,8.366639710663199,8.631869797557695
