traffic_device,avg_bandwidth_Mbps,var_bandwidth_Mbps
Traffic1,2.9525823275862066,0.9081149238525564
Traffic2,2.959277793778802,0.6497171868265121
Traffic3,2.9209426136363636,1.006851108105953
Traffic4,2.9060298359728507,0.669331923521226
Traffic5,3.0021582807386626,1.0999209855154495
Traffic6,2.8977645532490977,0.697728014909057
