device,avg_bw_before,avg_bw_during,avg_bw_after
flow_1,25.40625,15.556962495358336,
flow_2,22.9028125,14.847794606575544,
ALL_DEVICES,24.154531249999998,15.202378550966941,
