device,avg_bw_before,avg_bw_during,avg_bw_after
flow_1,27.837500000000002,15.885535055350555,
flow_2,19.730625,14.629312865497074,
ALL_DEVICES,23.7840625,15.257423960423814,
