flow,avg_bw_before,avg_bw_during,avg_bw_after
flow1,21.503076923076915,16.233699999999995,19.85135135135135
flow2,19.892307692307693,15.169499999999998,17.31891891891892
flow3,22.984615384615385,15.130802675585283,14.644864864864866
flow4,23.54615384615385,16.017725752508362,19.654594594594602
flow5,22.66923076923077,14.642999999999999,15.765405405405403
flow6,25.62923076923077,14.619533333333333,19.05135135135135
flow7,26.330769230769235,15.754000000000003,24.08108108108108
flow8,19.993846153846157,14.72263333333333,18.616216216216216
