flow,avg_bw_before,avg_bw_during,avg_bw_after
flow1,26.59375,16.16923076923077,
flow2,25.5625,15.322222222222223,
flow3,25.3875,15.600896860986547,
flow4,24.08125,15.13372956909361,
flow5,20.74375,14.70354505169867,
flow6,20.075,14.561639824304537,
flow7,26.5,14.708231797919762,
flow8,24.292499999999997,15.4220178041543,
