flow,avg_bw_before,avg_bw_during,avg_bw_after
flow1,29.41333333333333,15.980429687500001,18.001749999999998
flow2,22.191666666666666,15.997859922178987,20.544999999999998
flow3,22.649999999999995,15.7884046692607,18.29175
flow4,25.406666666666666,15.904179687500001,18.803749999999997
flow5,19.46166666666667,13.726692607003892,17.9125
flow6,17.946666666666665,15.131984435797666,17.5225
flow7,21.119166666666665,13.487198443579766,16.549
flow8,17.829999999999995,13.958837209302326,18.528749999999995
