device,avg_bw_before,avg_bw_during,avg_bw_after
flow_1,25.8671875,16.216968325791857,
flow_2,19.9721875,14.829064371257482,
ALL_DEVICES,22.919687500000002,15.52301634852467,
