device,avg_bw_before,avg_bw_during,avg_bw_after
flow_1,22.975,15.22421524663677,
flow_2,26.075,15.071008215085886,
ALL_DEVICES,24.525,15.147611730861328,
