device,avg_bw_before,avg_bw_during,avg_bw_after
flow_1,26.4340625,16.388555678059536,
flow_2,21.9103125,14.671006289308174,
ALL_DEVICES,24.1721875,15.529780983683855,
