traffic,avg_duration,std_dev
Traffic1,11.375,2.0085753657754544
Traffic2,11.375,2.4767670459694027
