traffic,avg_duration,std_dev
Traffic1,9.325,4.463112703035853
Traffic2,9.625,3.6103150832025728
