traffic,avg_duration,std_dev
Traffic1,10.1,2.9223278392404914
Traffic2,10.025,2.115271850141253
