traffic_device,avg_bandwidth_Mbps,var_bandwidth_Mbps
Traffic1,2.969205069124424,0.7337424979452142
Traffic2,3.0885539391762453,2.6726151492584584
Traffic3,2.9430030278793415,0.6483220107133811
Traffic4,2.948796646062271,0.7206391729150046
Traffic5,2.9031644499549145,0.6263094771759484
Traffic6,2.94788089514652,0.7118341901230711
