traffic_device,avg_bandwidth_Mbps,var_bandwidth_Mbps
Traffic1,4.968230288461538,2.7127033625621766
Traffic2,4.878416729607251,2.3980029012278625
Traffic3,4.866622270331325,2.3261774176848022
Traffic4,4.975824345146379,2.4797703443861274
Traffic5,5.0389888845553825,3.0514878149724884
Traffic6,4.909600113981763,2.425536189587753
