device,avg_bw_before,avg_bw_during,avg_bw_after
flow_1,4.918894230769231,1.5385404339250492,4.348922580645161
flow_2,4.840539215686275,1.9896880269814499,4.341857835218094
flow_3,4.71512077294686,1.521433423913043,4.3139244186046515
flow_4,4.388592233009709,1.2958550724637679,4.317322580645162
ALL_DEVICES,4.7157866131030195,1.5863792393208276,4.330506853778267
