device,avg_bw_before,avg_bw_during,avg_bw_after
flow_1,4.965466237942122,1.8702776813606385,4.3697021484375
flow_2,4.858506493506494,2.0381408557364633,4.336186205772053
flow_3,5.05747572815534,1.9337823466855721,4.340908942291974
flow_4,4.471282051282052,1.5018580609108687,4.317229817708333
ALL_DEVICES,4.838182627721502,1.8360147361733856,4.341006778552465
