device,avg_bw_before,avg_bw_during,avg_bw_after
flow_1,5.07875,3.1434208867409112,4.418333333333333
flow_2,5.041923076923077,3.1131575630252097,4.367083333333333
flow_3,5.012788461538462,3.146234749684476,4.362738095238096
flow_4,4.552307692307693,3.1097305830351503,4.3253273809523805
ALL_DEVICES,4.921442307692308,3.1281359456214366,4.368370535714286
