device,avg_bw_before,avg_bw_during,avg_bw_after
flow_1,5.487403846153847,3.142365260240222,4.1934433962264155
flow_2,5.072403846153846,3.1294481417016486,4.266273584905661
flow_3,5.077115384615384,3.1457018263903143,4.11274231678487
flow_4,4.629519230769231,3.1144758684291425,4.209669811320755
ALL_DEVICES,5.066610576923077,3.132997774190332,4.195532277309425
