device,avg_bw_before,avg_bw_during,avg_bw_after
flow_1,5.657416666666667,3.106431226765799,3.9465094339622646
flow_2,4.861333333333334,3.115227039243887,4.121603773584906
flow_3,4.942583333333334,3.1135676009892825,3.8350236966824647
flow_4,4.583166666666667,3.0872329498767455,4.06745283018868
ALL_DEVICES,5.011125000000001,3.1056147042189286,3.9926474336045787
