device,avg_bw_before,avg_bw_during,avg_bw_after
flow_1,4.831741935483872,2.11096875,4.389358723958334
flow_2,4.675328947368421,1.9536548223350252,4.3323385518591
flow_3,5.116078431372549,2.280763779527559,4.368802886192194
flow_4,4.283397435897437,1.600602477477477,4.316819661458333
ALL_DEVICES,4.72663668753057,1.9864974573350151,4.35182995586699
