flow,avg_bw_before,avg_bw_during,avg_bw_after
flow1,21.88888888888889,14.79875,19.07333333333333
flow2,36.711111111111116,15.396875000000001,18.406666666666673
flow3,28.211111111111112,15.29465909090909,24.353333333333335
flow4,18.93333333333333,15.921136363636363,24.07333333333333
flow5,22.755555555555553,15.343465909090908,15.817333333333334
flow6,21.88888888888889,15.671704545454544,20.03333333333334
flow7,24.83111111111111,14.811704545454544,16.31333333333333
flow8,14.187777777777777,15.710397727272726,17.506666666666668
