flow,avg_bw_before,avg_bw_during,avg_bw_after
flow1,21.83333333333333,16.390091463414635,19.324074074074073
flow2,21.005555555555553,16.937682926829268,17.93074074074074
flow3,20.494444444444444,15.58237804878049,18.01074074074074
flow4,19.022222222222222,15.922987804878051,19.862962962962964
flow5,24.105555555555558,15.621676829268292,20.394444444444442
flow6,24.05,16.29155487804878,20.48333333333333
flow7,21.232222222222223,15.873506097560977,18.173333333333332
flow8,22.513333333333335,15.366036585365853,18.737037037037037
