traffic,avg_duration,std_dev
Traffic1,4.625,2.057759704144291
Traffic2,5.125,2.0394545839513074
