traffic_device,avg_bandwidth_Mbps,var_bandwidth_Mbps
Traffic1,15.993712191358025,96.71389177687877
Traffic2,15.374854513064134,74.38753538189174
