traffic_device,avg_bandwidth_Mbps,var_bandwidth_Mbps
Traffic1,18.153406075418996,160.51127832205282
Traffic2,22.02683910472973,229.68051428621678
