traffic_device,avg_bandwidth_Mbps,var_bandwidth_Mbps
Traffic1,22.297263745704466,227.8013615689691
Traffic2,22.120204081632654,273.35095670726116
