traffic,avg_duration,std_dev
Traffic1,4.8,1.977371993328519
Traffic2,4.85,1.6515144564913746
