traffic,avg_duration,std_dev
Traffic1,3.55,1.3592277219068187
Traffic2,3.05,1.6725728683677732
