device,avg_bw_before,avg_bw_during,avg_bw_after
flow_1,5.345895953757225,1.996559013505578,4.336218836565097
flow_2,5.387176470588235,2.3001923076923076,4.329288688410825
flow_3,5.0613609467455625,2.021616871704745,4.38639418081053
flow_4,5.294269005847953,1.9730631152287201,4.366059556786704
ALL_DEVICES,5.272175594234744,2.0728578270328377,4.3544903156432895
