device,avg_bw_before,avg_bw_during,avg_bw_after
flow_1,5.267882352941176,1.9230310559006212,4.30532697547684
flow_2,5.774146341463415,2.6813961605584637,4.278358413132695
flow_3,4.9934567901234574,1.8847820965842166,4.322222222222223
flow_4,5.433975903614458,1.8742334905660376,4.2973978201634875
ALL_DEVICES,5.367365347035626,2.0908607009023346,4.300826357748811
