device,avg_bw_before,avg_bw_during,avg_bw_after
flow_1,4.945500000000001,1.8580656934306565,4.371364265927978
flow_2,4.591376811594204,1.8765389369592087,4.380401662049862
flow_3,4.743812949640288,1.9628735632183907,4.451606648199447
flow_4,4.734927536231885,1.890086956521739,4.43081024930748
ALL_DEVICES,4.753904324366594,1.8968912875324988,4.408545706371192
