device,avg_bw_before,avg_bw_during,avg_bw_after
flow_1,5.590833333333333,3.1285188216039277,4.226521739130435
flow_2,5.006833333333334,3.0902533714752756,4.60054347826087
flow_3,5.513833333333335,3.1300367797302817,4.48195652173913
flow_4,5.510333333333333,3.122918032786885,4.499456521739131
ALL_DEVICES,5.405458333333334,3.1179317513990927,4.452119565217392
