device,avg_bw_before,avg_bw_during,avg_bw_after
flow_1,4.599485294117647,3.1644774903238946,
flow_2,4.680808823529412,3.135465636437576,
flow_3,4.86922794117647,3.1418216975371465,
flow_4,5.098345588235294,3.1302770421674473,
ALL_DEVICES,4.8119669117647055,3.143010466616516,
