device,avg_bw_before,avg_bw_during,avg_bw_after
flow_1,4.748977272727273,3.2113292682926824,4.3903846153846136
flow_2,4.743636363636364,3.186113376835236,4.912115384615385
flow_3,5.543295454545455,3.1091910569105687,4.470576923076923
flow_4,4.267159090909092,3.1135447154471545,5.67076923076923
ALL_DEVICES,4.825767045454546,3.155044604371411,4.860961538461538
