traffic_device,avg_bandwidth_Mbps,var_bandwidth_Mbps
Traffic1,14.631530555555557,82.9512800653858
Traffic2,13.38350637755102,61.98592410877628
