traffic,avg_duration,std_dev
Traffic1,9.125,3.2340957005011464
Traffic2,9.525,3.16217883744737
