traffic,avg_duration,std_dev
Traffic1,9.35,3.282910294235893
Traffic2,7.575,3.5205645854038807
