traffic,avg_duration,std_dev
Traffic1,6.275,2.6738315204963827
Traffic2,6.35,3.5110539728121526
