traffic,avg_duration,std_dev
Traffic1,7.95,3.434748899119119
Traffic2,6.4,2.90516780926679
