flow,avg_bw_before,avg_bw_during,avg_bw_after
flow1,31.75444444444444,15.907180851063831,
flow2,26.928888888888892,15.8171164021164,
flow3,22.452777777777776,15.220732984293193,
flow4,20.62444444444445,16.25486910994764,
flow5,19.89666666666667,16.214869109947642,
flow6,20.28888888888889,15.986876640419947,
flow7,16.941111111111113,14.56219895287958,
flow8,19.605555555555554,14.800654450261778,
