device,avg_bw_before,avg_bw_during,avg_bw_after
flow_1,27.57725,16.33312,
flow_2,22.2175,15.895415019762844,
ALL_DEVICES,24.897375,16.114267509881422,
