device,avg_bw_before,avg_bw_during,avg_bw_after
flow_1,21.96388888888889,15.27710732984293,
flow_2,16.43,14.840405759162303,
ALL_DEVICES,19.196944444444444,15.058756544502618,
