device,avg_bw_before,avg_bw_during,avg_bw_after
flow_1,25.44013888888889,15.799505928853756,
flow_2,19.183055555555555,15.390759659463,
ALL_DEVICES,22.311597222222222,15.595132794158378,
