traffic,avg_duration,std_dev
Traffic1,54.975,3.496337369305199
Traffic2,54.0,3.40587727318528
Traffic3,53.75,4.1337029404639125
Traffic4,54.15,3.350746185553301
Traffic5,53.4,2.7910571473905725
Traffic6,53.325,3.1255999424110565
