traffic,avg_duration,std_dev
Traffic1,31.075,2.240396170323454
Traffic2,30.95,2.386943652456002
Traffic3,30.8,2.5514701644346145
Traffic4,31.1,2.870540018881465
Traffic5,31.125,2.4717149916606487
Traffic6,31.65,2.4854577043273136
