traffic,avg_duration,std_dev
Traffic1,8.6,1.57797338380595
Traffic2,8.55,1.7168284713389397
Traffic3,9.25,1.7284386017443605
Traffic4,8.4,1.5297058540778357
Traffic5,8.15,1.878163997099295
Traffic6,8.375,1.79843682124227
